[{"model": "sessions.session", "pk": "46c9sumjozd9bfo74nmf4yi2ehk0r6po", "fields": {"session_data": ".eJxVjMsOwiAUBf-FtSGF2yC4dO83kPtSqgaS0q6M_65NutDtmZnzMhnXpeS165wnMSfjzOF3I-SH1g3IHeutWW51mSeym2J32u2liT7Pu_t3ULCXb80BIEBE5yS5EUg8sg-DSowhcaIoV0RCfwQWZvVeWMdBAjnQGBOY9wftmziJ:1kcXAM:N_y7v6DjXYcqmNlCF9vrx4ERMTDqOSegYUral5RR7bg", "expire_date": "2020-11-24T17:10:46.575Z"}}, {"model": "sessions.session", "pk": "v2yjoh5vz300rvl44l2gdbzp2mdyx07w", "fields": {"session_data": ".eJxVjMsOwiAUBf-FtSGF2yC4dO83kPtSqgaS0q6M_65NutDtmZnzMhnXpeS165wnMSfjzOF3I-SH1g3IHeutWW51mSeym2J32u2liT7Pu_t3ULCXb80BIEBE5yS5EUg8sg-DSowhcaIoV0RCfwQWZvVeWMdBAjnQGBOY9wftmziJ:1ka2Qy:v_RC8M0kyFqXDi1tqpD8MmhenE0jnxvRK3PAZejKa1A", "expire_date": "2020-11-17T19:57:36.143Z"}}, {"model": "core.category", "pk": 1, "fields": {"title": "Sneakers"}}, {"model": "core.category", "pk": 2, "fields": {"title": "Wear"}}, {"model": "core.brand", "pk": 1, "fields": {"title": "Adidas", "category": [1, 2]}}, {"model": "core.brand", "pk": 2, "fields": {"title": "Nike", "category": [1, 2]}}, {"model": "core.brand", "pk": 3, "fields": {"title": "Essentials", "category": [2]}}, {"model": "core.brand", "pk": 4, "fields": {"title": "Jordan", "category": [1]}}, {"model": "core.brand", "pk": 5, "fields": {"title": "Supreme", "category": [2]}}, {"model": "core.brand", "pk": 6, "fields": {"title": "Puma", "category": [1, 2]}}, {"model": "core.property_name", "pk": 1, "fields": {"title": "Release Years", "category": 1}}, {"model": "core.property_name", "pk": 2, "fields": {"title": "Sneaker_size", "category": 1}}, {"model": "core.property_name", "pk": 3, "fields": {"title": "Wear_size", "category": 2}}, {"model": "core.property", "pk": 2, "fields": {"value": "XS", "property_name": 3}}, {"model": "core.property", "pk": 3, "fields": {"value": "S", "property_name": 3}}, {"model": "core.property", "pk": 4, "fields": {"value": "M", "property_name": 3}}, {"model": "core.property", "pk": 5, "fields": {"value": "L", "property_name": 3}}, {"model": "core.property", "pk": 6, "fields": {"value": "XL", "property_name": 3}}, {"model": "core.property", "pk": 7, "fields": {"value": "XXL", "property_name": 3}}, {"model": "core.property", "pk": 8, "fields": {"value": "US 4", "property_name": 2}}, {"model": "core.property", "pk": 9, "fields": {"value": "US 5", "property_name": 2}}, {"model": "core.property", "pk": 10, "fields": {"value": "US 6", "property_name": 2}}, {"model": "core.property", "pk": 11, "fields": {"value": "US 7", "property_name": 2}}, {"model": "core.property", "pk": 12, "fields": {"value": "US 8", "property_name": 2}}, {"model": "core.property", "pk": 13, "fields": {"value": "US 9", "property_name": 2}}, {"model": "core.property", "pk": 14, "fields": {"value": "US 10", "property_name": 2}}, {"model": "core.property", "pk": 15, "fields": {"value": "US 11", "property_name": 2}}, {"model": "core.property", "pk": 16, "fields": {"value": "US 12", "property_name": 2}}, {"model": "core.product_property", "pk": 2, "fields": {"in_stock": "", "property": 4, "product": 10}}, {"model": "core.product_property", "pk": 3, "fields": {"in_stock": "", "property": 12, "product": 9}}, {"model": "core.product_property", "pk": 4, "fields": {"in_stock": "", "property": 10, "product": 8}}, {"model": "core.product_property", "pk": 5, "fields": {"in_stock": "", "property": 14, "product": 7}}, {"model": "core.product_property", "pk": 6, "fields": {"in_stock": "", "property": 4, "product": 6}}, {"model": "core.product_property", "pk": 7, "fields": {"in_stock": "", "property": 5, "product": 5}}, {"model": "core.product_property", "pk": 8, "fields": {"in_stock": "", "property": 2, "product": 4}}, {"model": "core.product_property", "pk": 9, "fields": {"in_stock": "", "property": 5, "product": 3}}, {"model": "core.product_property", "pk": 10, "fields": {"in_stock": "", "property": 8, "product": 2}}, {"model": "core.product_property", "pk": 11, "fields": {"in_stock": "", "property": 15, "product": 1}}, {"model": "accounts.user", "pk": 1, "fields": {"password": "pbkdf2_sha256$216000$VHHjbyt9BYhb$YEPffLyuzwzx204jUnq8HPKHM/tl9NbJBrHQyUfjDPw=", "last_login": "2020-11-10T17:10:46.563Z", "is_superuser": true, "username": "muradaghazada", "first_name": "", "last_name": "", "is_staff": true, "is_active": true, "date_joined": "2020-11-03T19:56:59.210Z", "image": "", "gender": "", "email": "xomurad41@gmail.com", "level": null, "last_level_updated_at": "2020-11-03T19:56:59.411Z", "groups": [], "user_permissions": []}}, {"model": "core.product", "pk": 1, "fields": {"title": "Jordan 1 Mid Chicago Toe", "made_for": "Men", "image": "images/bluej_RGLjiWL.png", "retail_price": "280.00", "current_price": "280.00", "description": "Jordan 1 Mid Chicago Toe", "condition": "New", "delivery_fee": "23.00", "release_date": 2001, "slug": "jordan-1-mid-chicago-toe-jordan", "brand": 4, "owner": ["muradaghazada"], "category": 1, "added_at": "2020-11-03T20:00:39.262Z", "updated_at": "2020-11-10T17:37:33.179Z"}}, {"model": "core.product", "pk": 2, "fields": {"title": "adidas Yeezy Boost 350 V2 Natural", "made_for": "Child", "image": "images/byeezy_Am2CxsL.png", "retail_price": "300.00", "current_price": "300.00", "description": "adidas Yeezy Boost 350 V2 Natural", "condition": "New", "delivery_fee": "400.00", "release_date": 2020, "slug": "adidas-yeezy-boost-350-v2-natural-adidas", "brand": 1, "owner": ["muradaghazada"], "category": 1, "added_at": "2020-11-03T20:04:33.822Z", "updated_at": "2020-11-10T17:37:29.489Z"}}, {"model": "core.product", "pk": 3, "fields": {"title": "Kith Clarence Hoodie Beige", "made_for": "Women", "image": "images/Kith-Clarence-Hoodie-Beige_Ugz6KN4.jpg", "retail_price": "200.00", "current_price": "200.00", "description": "Kith Clarence Hoodie Beige", "condition": "New", "delivery_fee": "30.00", "release_date": 2020, "slug": "kith-clarence-hoodie-beige-adidas", "brand": 1, "owner": ["muradaghazada"], "category": 2, "added_at": "2020-11-03T20:05:37.632Z", "updated_at": "2020-11-10T17:37:24.843Z"}}, {"model": "core.product", "pk": 4, "fields": {"title": "Silicon Applique Pullover Hoodie Buttercream", "made_for": "Men", "image": "images/FEAR-OF-GOD-ESSENTIALS-3D-Silicon-Applique-Pullover-Hoodie-Buttercream.jpg", "retail_price": "170.00", "current_price": "170.00", "description": "Silicon Applique Pullover Hoodie Buttercream", "condition": "New", "delivery_fee": "80.00", "release_date": 2012, "slug": "silicon-applique-pullover-hoodie-buttercream-essentials", "brand": 3, "owner": ["muradaghazada"], "category": 2, "added_at": "2020-11-03T20:12:14.201Z", "updated_at": "2020-11-10T17:37:19.111Z"}}, {"model": "core.product", "pk": 5, "fields": {"title": "Supreme Box Logo L/S Tee Black", "made_for": "Men", "image": "images/Supreme-Box-Logo-L-S-Tee-Black.jpg", "retail_price": "190.00", "current_price": "190.00", "description": "Supreme Box Logo L/S Tee Black", "condition": "New", "delivery_fee": "28.00", "release_date": 2018, "slug": "supreme-box-logo-l-s-tee-black-supreme", "brand": 5, "owner": ["muradaghazada"], "category": 2, "added_at": "2020-11-03T20:14:17.538Z", "updated_at": "2020-11-10T17:37:14.132Z"}}, {"model": "core.product", "pk": 6, "fields": {"title": "Nike x Stussy Water Short Habanero Red", "made_for": "Men", "image": "images/Nike-x-Stussy-Water-Short-Habanero-Red.jpg", "retail_price": "80.00", "current_price": "80.00", "description": "Nike x Stussy Water Short Habanero Red", "condition": "New", "delivery_fee": "30.00", "release_date": 2016, "slug": "nike-x-stussy-water-short-habanero-red-nike", "brand": 2, "owner": ["muradaghazada"], "category": 2, "added_at": "2020-11-03T20:15:47.984Z", "updated_at": "2020-11-10T21:53:56.970Z"}}, {"model": "core.product", "pk": 7, "fields": {"title": "Jordan 1 Mid Gray", "made_for": "Men", "image": "images/grayj_yoGSUI2_B4Pvj8R.png", "retail_price": "600.00", "current_price": "600.00", "description": "Jordan 1 Mid Gray", "condition": "New", "delivery_fee": "100.00", "release_date": 2019, "slug": "jordan-1-mid-gray-jordan", "brand": 4, "owner": ["muradaghazada"], "category": 1, "added_at": "2020-11-03T22:02:01.170Z", "updated_at": "2020-11-10T17:36:42.199Z"}}, {"model": "core.product", "pk": 8, "fields": {"title": "Nike Air Force 1 Low Orange Skeleton", "made_for": "Men", "image": "images/img01.jpg", "retail_price": "160.00", "current_price": "160.00", "description": "Nike Air Force 1 Low Orange Skeleton", "condition": "New", "delivery_fee": "50.00", "release_date": 2020, "slug": "nike-air-force-1-low-orange-skeleton-nike", "brand": 2, "owner": ["muradaghazada"], "category": 1, "added_at": "2020-11-03T22:09:50.711Z", "updated_at": "2020-11-10T17:36:39.026Z"}}, {"model": "core.product", "pk": 9, "fields": {"title": "Puma Parallel The Weeknd Marshmallow", "made_for": "Men", "image": "images/Puma-Parallel-The-Weeknd-Marshmallow.jpeg", "retail_price": "500.00", "current_price": "500.00", "description": "Puma Parallel The Weeknd Marshmallow", "condition": "New", "delivery_fee": "200.00", "release_date": 2017, "slug": "puma-parallel-the-weeknd-marshmallow-puma", "brand": 6, "owner": ["muradaghazada"], "category": 1, "added_at": "2020-11-03T22:18:51.767Z", "updated_at": "2020-11-10T17:36:31.130Z"}}, {"model": "core.product", "pk": 10, "fields": {"title": "Travis Scott x McDonald's Crew T-Shirt Red", "made_for": "Men", "image": "images/Travis-Scott-x-McDonalds-Crew-T-Shirt-Red.jpeg", "retail_price": "37.00", "current_price": "37.00", "description": "Travis Scott x McDonald's Crew T-Shirt Red", "condition": "New", "delivery_fee": "20.00", "release_date": 2020, "slug": "travis-scott-x-mcdonald-s-crew-t-shirt-red-essentials", "brand": 3, "owner": ["muradaghazada"], "category": 2, "added_at": "2020-11-05T18:50:42.877Z", "updated_at": "2020-11-10T17:34:59.563Z"}}]